# Export uit de database. Formaat: van;naar;opmerking
10 c c|silly love;10cc|silly love;zelfde artiest, andere spatiëring of afkorting
10 c c|the wall street shuffle;10cc|the wall street shuffle;zelfde artiest, andere spatiëring of afkorting
10 cc|i m not in love;10cc|i m not in love;zelfde artiest, andere spatiëring of afkorting
3j s & ellen ten damme|wat is dromen;3js & ellen ten damme|wat is dromen;Automatisch gevonden hernoemingen uit de jaargangen 2000-2026. Per paar is vastgesteld dat de weken elkaar aanvullen tot een aaneengesloten reeks en nooit overlappen: het is dus een lopende notering die de site onderweg anders is gaan schrijven, meestal door een typefout. De richting wijst naar de schrijfwijze die het vaakst voorkomt. 2011 oranje
3j s|bevlogen als vogels;3js|bevlogen als vogels;zelfde artiest, andere spatiëring of afkorting
3j s|hier voor jou;3js|hier voor jou;zelfde artiest, andere spatiëring of afkorting
3j s|hou van mij;3js|hou van mij;zelfde artiest, andere spatiëring of afkorting
3j s|je vecht nooit alleen;3js|je vecht nooit alleen;zelfde artiest, andere spatiëring of afkorting
3j s|kamers van mijn hart;3js|kamers van mijn hart;zelfde artiest, andere spatiëring of afkorting
3j s|watermensen;3js|watermensen;zelfde artiest, andere spatiëring of afkorting
3j s|wiegelied;3js|wiegelied;zelfde artiest, andere spatiëring of afkorting
3js|hou van mij;3j s|hou van mij;2008 oranje
3js|je vecht nooit alleen;3js|je vecht nooit alleen never alone;2011 oranje
abba teens|mamma mia;a teens|mamma mia;ABBA*Teens is de eerdere naam van A*Teens
abba|sos;abba|s o s;zelfde nummer, andere spatiëring
abdul hassan & orchestra|arabian affair;abdul hassan orchestra|arabian affair;typefout in de artiestnaam (Abdul Hassan & Orchestra -> The Abdul Hassan Orchestra), vastgesteld met MusicBrainz/Wikipedia
ac dc|big gun;acdc|big gun;zelfde artiest, andere spatiëring of afkorting
ac dc|hard as a rock;acdc|hard as a rock;zelfde artiest, andere spatiëring of afkorting
ac dc|highway to hell;acdc|highway to hell;zelfde artiest, andere spatiëring of afkorting
ac dc|highway to hell all music live;acdc|highway to hell all music live;zelfde artiest, andere spatiëring of afkorting
ac dc|moneytalks;acdc|moneytalks;zelfde artiest, andere spatiëring of afkorting
ac dc|rock n roll damnation;acdc|rock n roll damnation;zelfde artiest, andere spatiëring of afkorting
ac dc|shot in the dark;acdc|shot in the dark;zelfde artiest, andere spatiëring of afkorting
ac dc|thunderstruck;acdc|thunderstruck;zelfde artiest, andere spatiëring of afkorting
ac dc|whole lotta rosie;acdc|whole lotta rosie;zelfde artiest, andere spatiëring of afkorting
acdc|anything goes;ac dc|anything goes;vastgestelde schrijfwijze levert een andere sleutel op
acdc|back in black;ac dc|back in black;vastgestelde schrijfwijze levert een andere sleutel op
acdc|big gun;ac dc|big gun;vastgestelde schrijfwijze levert een andere sleutel op
acdc|for those about to rock we salute you;ac dc|for those about to rock we salute you;vastgestelde schrijfwijze levert een andere sleutel op
acdc|hard as a rock;ac dc|hard as a rock;vastgestelde schrijfwijze levert een andere sleutel op
acdc|hells bells;ac dc|hells bells;vastgestelde schrijfwijze levert een andere sleutel op
acdc|highway to hell;ac dc|highway to hell;vastgestelde schrijfwijze levert een andere sleutel op
acdc|highway to hell all music live;ac dc|highway to hell all music live;vastgestelde schrijfwijze levert een andere sleutel op
acdc|it s a long way to the top if you wanna rock n roll;ac dc|it s a long way to the top if you wanna rock n roll;vastgestelde schrijfwijze levert een andere sleutel op
acdc|let there be rock;ac dc|let there be rock;vastgestelde schrijfwijze levert een andere sleutel op
acdc|moneytalks;ac dc|moneytalks;vastgestelde schrijfwijze levert een andere sleutel op
acdc|ride on;ac dc|ride on;vastgestelde schrijfwijze levert een andere sleutel op
acdc|riff raff;ac dc|riff raff;vastgestelde schrijfwijze levert een andere sleutel op
acdc|rock n roll damnation;ac dc|rock n roll damnation;vastgestelde schrijfwijze levert een andere sleutel op
acdc|rocker;ac dc|rocker;vastgestelde schrijfwijze levert een andere sleutel op
acdc|shot in the dark;ac dc|shot in the dark;vastgestelde schrijfwijze levert een andere sleutel op
acdc|t n t;ac dc|t n t;vastgestelde schrijfwijze levert een andere sleutel op
acdc|the jack;ac dc|the jack;vastgestelde schrijfwijze levert een andere sleutel op
acdc|thunderstruck;ac dc|thunderstruck;vastgestelde schrijfwijze levert een andere sleutel op
acdc|whole lotta rosie;ac dc|whole lotta rosie;vastgestelde schrijfwijze levert een andere sleutel op
acdc|you shook me all night long;ac dc|you shook me all night long;vastgestelde schrijfwijze levert een andere sleutel op
adam port stryv & malachiii|move;adam port & stryv|move;Gevonden via de kruiscontrole met michajans.nl: hun ene notering is bij ons in tweeen gevallen, met punten en weken die precies optellen.
adamo|les filles du bord du mer;adamo|les filles du bord de mer;zelfde nummer, andere schrijfwijze (bron kent er een)
adele bloemendaal & leen jongewaard & piet romer|we zijn toch op de wereld om mekaar te helpen nietwaar;adele bloemendaal & leen jongewaard & piet romer|we zijn toch op de wereld om mekaar te helpen niewaar;zelfde nummer, andere schrijfwijze (bron kent er geen)
aha|the blood that moves the body;a ha|the blood that moves the body;zelfde artiest, andere spatiëring of afkorting
alex|mama maria;zanger alex|mama maria;2024 oranje
ancora|speel nog een keer piano man;ancora|speel nog een keertje piano man;2024 oranje
andre moss|ella;andre moss|ella tros tune;"zelfde nummer als de Top 40-notering van 1973; de Evergreen Top 1000 laat de toevoeging weg"
andre moss|ella ella tros tune;andre moss|ella tros tune;"top40.nl noteerde twee schrijfwijzen; MusicBrainz kent beide, keuze van Heye"
apache indian ft the don raja|nuff vibes ep boom shack a lak;apache indian ft the don raja|boom shack a lak;top40.nl zet de uitgave voor het nummer
apollo fourforty|charlie s angels 2000 theme from the motion picture;apollo four forty|charlie s angels 2000 theme from the motion picture;zelfde artiest, andere spatiëring of afkorting
ariana grande ariana grande ft doja cat & megan thee stallion|34 35 34 35 remix;ariana grande|34 35;2021 tipparade
arjan oostrom|zij is de mooiste van de dansvloer;arjon oostrom|zij is de mooiste van de dansvloer;2015 oranje
armand|blommen kinders;armand|blommenkinders;zelfde nummer, andere schrijfwijze (bron kent er een)
arthur conley|funky street;arthur conley|funkystreet;zelfde nummer, andere schrijfwijze (bron kent er een)
b j thomas|raindrops keep fallin on my head;b j thomas|raindrops keep falling on my head;zelfde nummer, andere schrijfwijze (bron kent er twee)
b z n|maybe someday;bzn|maybe someday;zelfde artiest, andere spatiëring of afkorting
b z n|mother can you see me;bzn|mother can you see me;zelfde artiest, andere spatiëring of afkorting
babysitters circus|everything s gonna be alright;babysitters circus|everythings gonna be alright;zelfde nummer, andere schrijfwijze (bron kent er twee)
back street boys|inconsolable;backstreet boys|inconsolable;zelfde artiest, andere spatiëring of afkorting
backstreetboys|i still;backstreet boys|i still;zelfde artiest, andere spatiëring of afkorting
backstreetboys|incomplete;backstreet boys|incomplete;zelfde artiest, andere spatiëring of afkorting
backstreetboys|just want you to know;backstreet boys|just want you to know;zelfde artiest, andere spatiëring of afkorting
bb & q band|genie;b b & q band|genie;zelfde artiest, andere spatiëring of afkorting
bc 52 s|meet the flintstones;b c 52 s|meet the flintstones;zelfde artiest, andere spatiëring of afkorting
beatles|baby it s you i ll follow the sun;beatles|i ll follow the sun;top40.nl zet de uitgave voor het nummer
beatles|rock and rollmusic;beatles|rock and roll music;zelfde nummer, andere spatiëring
beegees|alone;bee gees|alone;zelfde artiest, andere spatiëring of afkorting
beegees|for whom the bell tolls;bee gees|for whom the bell tolls;zelfde artiest, andere spatiëring of afkorting
beegees|kiss of life;bee gees|kiss of life;zelfde artiest, andere spatiëring of afkorting
beegees|paying the price of love;bee gees|paying the price of love;zelfde artiest, andere spatiëring of afkorting
beegees|this is where i came in;bee gees|this is where i came in;zelfde artiest, andere spatiëring of afkorting
bert kaempfert|a swingin safari;bert kaempfert|a swinging safari;zelfde nummer, andere schrijfwijze (bron kent er twee)
bl f & geike arnaert|we doen wat we kunnen;blof & geike arnaert|we doen wat we kunnen;vastgestelde schrijfwijze levert een andere sleutel op
bl f & geike arnaert|zoutelande;blof & geike arnaert|zoutelande;vastgestelde schrijfwijze levert een andere sleutel op
bl f|aan de kust;blof|aan de kust;vastgestelde schrijfwijze levert een andere sleutel op
bl f|aan de kust live;blof|aan de kust live;vastgestelde schrijfwijze levert een andere sleutel op
bl f|alles is liefde;blof|alles is liefde;vastgestelde schrijfwijze levert een andere sleutel op
bl f|barcelona;blof|barcelona;vastgestelde schrijfwijze levert een andere sleutel op
bl f|beter;blof|beter;vastgestelde schrijfwijze levert een andere sleutel op
bl f|bitterzoet;blof|bitterzoet;vastgestelde schrijfwijze levert een andere sleutel op
bl f|blauwe ruis;blof|blauwe ruis;vastgestelde schrijfwijze levert een andere sleutel op
bl f|dansen aan zee;blof|dansen aan zee;vastgestelde schrijfwijze levert een andere sleutel op
bl f|dat wij dat zijn;blof|dat wij dat zijn;vastgestelde schrijfwijze levert een andere sleutel op
bl f|de storm geef niet op;blof|de storm geef niet op;vastgestelde schrijfwijze levert een andere sleutel op
bl f|dichterbij dan ooit;blof|dichterbij dan ooit;vastgestelde schrijfwijze levert een andere sleutel op
bl f|doe het dan;blof|doe het dan;vastgestelde schrijfwijze levert een andere sleutel op
bl f|donker hart;blof|donker hart;vastgestelde schrijfwijze levert een andere sleutel op
bl f|een dag op de grens;blof|een dag op de grens;vastgestelde schrijfwijze levert een andere sleutel op
bl f|een manier om thuis te komen;blof|een manier om thuis te komen;vastgestelde schrijfwijze levert een andere sleutel op
bl f|harder dan ik hebben kan;blof|harder dan ik hebben kan;vastgestelde schrijfwijze levert een andere sleutel op
bl f|hart tegen hart;blof|hart tegen hart;vastgestelde schrijfwijze levert een andere sleutel op
bl f|hier;blof|hier;vastgestelde schrijfwijze levert een andere sleutel op
bl f|horizon;blof|horizon;vastgestelde schrijfwijze levert een andere sleutel op
bl f|hou vol hou vast;blof|hou vol hou vast;vastgestelde schrijfwijze levert een andere sleutel op
bl f|later als ik groter ben;blof|later als ik groter ben;vastgestelde schrijfwijze levert een andere sleutel op
bl f|levenslang;blof|levenslang;vastgestelde schrijfwijze levert een andere sleutel op
bl f|liefs uit londen;blof|liefs uit londen;vastgestelde schrijfwijze levert een andere sleutel op
bl f|meer van jou live in ahoy;blof|meer van jou live in ahoy;vastgestelde schrijfwijze levert een andere sleutel op
bl f|midzomernacht;blof|midzomernacht;vastgestelde schrijfwijze levert een andere sleutel op
bl f|misschien niet de eeuwigheid;blof|misschien niet de eeuwigheid;vastgestelde schrijfwijze levert een andere sleutel op
bl f|mooie dag;blof|mooie dag;vastgestelde schrijfwijze levert een andere sleutel op
bl f|niets dan dit;blof|niets dan dit;vastgestelde schrijfwijze levert een andere sleutel op
bl f|oktober;blof|oktober;vastgestelde schrijfwijze levert een andere sleutel op
bl f|omarm;blof|omarm;vastgestelde schrijfwijze levert een andere sleutel op
bl f|open je ogen;blof|open je ogen;vastgestelde schrijfwijze levert een andere sleutel op
bl f|opstand;blof|opstand;vastgestelde schrijfwijze levert een andere sleutel op
bl f|over de dam;blof|over de dam;vastgestelde schrijfwijze levert een andere sleutel op
bl f|spijt heb je morgen maar;blof|spijt heb je morgen maar;vastgestelde schrijfwijze levert een andere sleutel op
bl f|vallende engel;blof|vallende engel;vastgestelde schrijfwijze levert een andere sleutel op
bl f|vandaag;blof|vandaag;vastgestelde schrijfwijze levert een andere sleutel op
bl f|verlaat me nu nog niet;blof|verlaat me nu nog niet;vastgestelde schrijfwijze levert een andere sleutel op
bl f|was je maar hier;blof|was je maar hier;vastgestelde schrijfwijze levert een andere sleutel op
bl f|wat zou je doen;blof|wat zou je doen;vastgestelde schrijfwijze levert een andere sleutel op
bl f|wat zou je doen live;blof|wat zou je doen live;vastgestelde schrijfwijze levert een andere sleutel op
bl f|wijd open;blof|wijd open;vastgestelde schrijfwijze levert een andere sleutel op
bl f|zachtjes zingen;blof|zachtjes zingen;vastgestelde schrijfwijze levert een andere sleutel op
bl f|zaterdag;blof|zaterdag;vastgestelde schrijfwijze levert een andere sleutel op
bl f|ze is er niet;blof|ze is er niet;vastgestelde schrijfwijze levert een andere sleutel op
bl f|zo stil;blof|zo stil;vastgestelde schrijfwijze levert een andere sleutel op
blackstreet|a blackstreet ballad to keep you warm through the holidays never gonna let you go;blackstreet|never gonna let you go;top40.nl zet de uitgave voor het nummer
blof & geike arnaert|zoutelande;bl f & geike arnaert|zoutelande;2018 oranje
blof|spijt heb je morgen maar;bl f|spijt heb je morgen maar;2014 oranje
bloodhound gang|the ballad of chaseylain;bloodhound gang|the ballad of chasey lain;zelfde nummer, andere spatiëring
bloodhoundgang|the ballad of chaseylain;bloodhound gang|the ballad of chaseylain;typefout in de artiestnaam (The Bloodhoundgang -> Bloodhound Gang), vastgesteld met MusicBrainz/Wikipedia
blue nile|tinsel town in the rain;blue nile|tinseltown in the rain;zelfde nummer, andere schrijfwijze (bron kent er een)
bob de rooy|10 tieneke 10;paul de leeuw bob de rooy|10 tieneke 10;Bob de Rooy is het alter ego van Paul de Leeuw
bob de rooy|in the ghetto;paul de leeuw bob de rooy|in the ghetto;Bob de Rooy is het alter ego van Paul de Leeuw
bobby hebb|sunny;bobby hebb cher georgie fame|sunny;
bobby solo|una lacrima sul viso;bobby solo|una lacrima sul visa;zelfde nummer, andere schrijfwijze (bron kent er een)
boudewijn de groot|de avonden avond;boudewijn de groot|avond;top40.nl zet de uitgave voor het nummer
brendan croker and the 5 o clock shadows|ep this kind of life;brendan croker and the 5 o clock shadows|this kind of life;top40.nl zet de uitgave voor het nummer
bryan ferry|extended play the price of love;bryan ferry|the price of love;top40.nl zet de uitgave voor het nummer
burdy|er is geen vrouw op de wereld;burdy|geen vrouw op de wereld;2013 oranje
byrds|all i really want to do;byrds cher|all i really want to do;
cats|rock & roll i gave you the best years of my life;cats|rock n roll i gave you the best years of my life;zelfde nummer, andere schrijfwijze (bron kent er twee)
charlene|twiedeliedie;charlene|twiedeliedje;2008 oranje
charly lownoise & mental theo|wonderfull days;charly lownoise & mental theo|wonderful days;zelfde nummer, andere schrijfwijze (bron kent er twee)
cher|gypsys tramps & thieves;cher|gypsies tramps & thieves;zelfde nummer, andere schrijfwijze (bron kent er twee)
ckay ft elgrandetoto love nwantiti|north african remix;ckay ft elgrandetoto|love nwantiti north african remix;2021 tipparade
clinton ford|dandy;clinton ford the kinks herman s hermits|dandy;
clubhouse|deep in my heart;club house|deep in my heart;zelfde artiest, andere spatiëring of afkorting
cocktail trio|wie heeft de sleutel van de jukebox gezien;cocktail trio|wie heeft de sleutel van de juke box gezien;zelfde nummer, andere schrijfwijze (bron kent er een)
coldplay|up&up;coldplay|up & up;zelfde nummer, andere spatiëring
conny van den bos|ik ben gelukkig zonder jou;conny vandenbos|ik ben gelukkig zonder jou;zelfde artiest, andere spatiëring of afkorting
cornelis vreeswijk|de nozem en de non ep;cornelis vreeswijk|de nozem en de non;zelfde nummer, andere schrijfwijze (bron kent er een)
cupid s inspiration|yesterday has gone;cupids inspiration|yesterday has gone;zelfde artiest, andere spatiëring of afkorting
d j bobo|everybody;dj bobo|everybody;vastgestelde schrijfwijze levert een andere sleutel op
d j bobo|freedom;dj bobo|freedom;vastgestelde schrijfwijze levert een andere sleutel op
d j bobo|keep on dancing;dj bobo|keep on dancing;vastgestelde schrijfwijze levert een andere sleutel op
d j bobo|let the dream come true;dj bobo|let the dream come true;vastgestelde schrijfwijze levert een andere sleutel op
d j bobo|love is all around;dj bobo|love is all around;vastgestelde schrijfwijze levert een andere sleutel op
d j bobo|pray;dj bobo|pray;vastgestelde schrijfwijze levert een andere sleutel op
d j bobo|somebody dance with me;dj bobo|somebody dance with me;vastgestelde schrijfwijze levert een andere sleutel op
d j bobo|take control;dj bobo|take control;vastgestelde schrijfwijze levert een andere sleutel op
d j bobo|there is a party;dj bobo|there is a party;vastgestelde schrijfwijze levert een andere sleutel op
d re stra ts|extendedanc ep lay twisting by the pool;d re stra ts|twisting by the pool;top40.nl zet de uitgave voor het nummer
dakkeraf|morgen zeg ik het;dakkeraf|morgen zeg ik he;2010 oranje
danny de munk ft dj galaga|als jij maar bij me bent;danny de munk|als jij maar bij me bent;vastgestelde schrijfwijze levert een andere sleutel op
danny de munk ft dj galaga|amsterdam laat je niet kisten;danny de munk|amsterdam laat je niet kisten;vastgestelde schrijfwijze levert een andere sleutel op
danny de munk ft dj galaga|bij elke slok;danny de munk|bij elke slok;vastgestelde schrijfwijze levert een andere sleutel op
danny de munk ft dj galaga|bloemetje;danny de munk|bloemetje;vastgestelde schrijfwijze levert een andere sleutel op
danny de munk ft dj galaga|dit is mijn leven;danny de munk|dit is mijn leven;vastgestelde schrijfwijze levert een andere sleutel op
danny de munk ft dj galaga|een man van de wereld;danny de munk|een man van de wereld;vastgestelde schrijfwijze levert een andere sleutel op
danny de munk ft dj galaga|heerlijk;danny de munk|heerlijk;vastgestelde schrijfwijze levert een andere sleutel op
danny de munk ft dj galaga|het levende bewijs;danny de munk|het levende bewijs;vastgestelde schrijfwijze levert een andere sleutel op
danny de munk ft dj galaga|ik voel me zo verdomd alleen;danny de munk|ik voel me zo verdomd alleen;vastgestelde schrijfwijze levert een andere sleutel op
danny de munk ft dj galaga|ik voel me zo verdomd alleen titelsong van de film ciske de rat;danny de munk|ik voel me zo verdomd alleen titelsong van de film ciske de rat;vastgestelde schrijfwijze levert een andere sleutel op
danny de munk ft dj galaga|je leeft maar een keer;danny de munk|je leeft maar een keer;vastgestelde schrijfwijze levert een andere sleutel op
danny de munk ft dj galaga|kontje;danny de munk|kontje;vastgestelde schrijfwijze levert een andere sleutel op
danny de munk ft dj galaga|mengelmoes;danny de munk|mengelmoes;vastgestelde schrijfwijze levert een andere sleutel op
danny de munk ft dj galaga|met kerstmis hoor je blij te zijn;danny de munk|met kerstmis hoor je blij te zijn;vastgestelde schrijfwijze levert een andere sleutel op
danny de munk ft dj galaga|mijn meissie;danny de munk|mijn meissie;vastgestelde schrijfwijze levert een andere sleutel op
danny de munk ft dj galaga|mijn stad;danny de munk|mijn stad;vastgestelde schrijfwijze levert een andere sleutel op
danny de munk ft dj galaga|ratsmodee;danny de munk|ratsmodee;vastgestelde schrijfwijze levert een andere sleutel op
danny de munk ft dj galaga|toch ff lekker zo;danny de munk|toch ff lekker zo;vastgestelde schrijfwijze levert een andere sleutel op
danny de munk ft dj galaga|tuig van de richel;danny de munk|tuig van de richel;vastgestelde schrijfwijze levert een andere sleutel op
danny de munk ft dj galaga|twee lege handen;danny de munk|twee lege handen;vastgestelde schrijfwijze levert een andere sleutel op
danny de munk ft dj galaga|vrienden voor het leven;danny de munk|vrienden voor het leven;vastgestelde schrijfwijze levert een andere sleutel op
danny de munk ft dj galaga|wat een plezier;danny de munk|wat een plezier;vastgestelde schrijfwijze levert een andere sleutel op
danny de munk ft dj galaga|we brullen voor oranje;danny de munk|we brullen voor oranje;vastgestelde schrijfwijze levert een andere sleutel op
danny de munk ft dj galaga|wordt tijd dat jij een keer bestelt;danny de munk|wordt tijd dat jij een keer bestelt;vastgestelde schrijfwijze levert een andere sleutel op
danny de munk ft dj galaga|ze wacht nog steeds op mij;danny de munk|ze wacht nog steeds op mij;vastgestelde schrijfwijze levert een andere sleutel op
danny de munk ft dj galaga|zo is het leven;danny de munk|zo is het leven;vastgestelde schrijfwijze levert een andere sleutel op
danny de munk|we brullen voor oranje;danny de munk ft dj galaga|we brullen voor oranje;Gastartiest stond er een week niet bij.
david bowie|lets dance;david bowie|let s dance;zelfde nummer, andere schrijfwijze (bron kent er twee)
david garrick the rolling stones|a certain misunderstanding;david garrick|a certain misunderstanding;vastgestelde schrijfwijze levert een andere sleutel op
david garrick the rolling stones|a little bit of this and a little bit of that;david garrick|a little bit of this and a little bit of that;vastgestelde schrijfwijze levert een andere sleutel op
david garrick the rolling stones|ave maria;david garrick|ave maria;vastgestelde schrijfwijze levert een andere sleutel op
david garrick the rolling stones|dear mrs applebee;david garrick|dear mrs applebee;vastgestelde schrijfwijze levert een andere sleutel op
david garrick the rolling stones|don t go out into the rain you re gonna melt sugar;david garrick|don t go out into the rain you re gonna melt sugar;vastgestelde schrijfwijze levert een andere sleutel op
david garrick the rolling stones|i ve found a love;david garrick|i ve found a love;vastgestelde schrijfwijze levert een andere sleutel op
david garrick the rolling stones|lady jane;david garrick|lady jane;vastgestelde schrijfwijze levert een andere sleutel op
david garrick the rolling stones|rainbow;david garrick|rainbow;vastgestelde schrijfwijze levert een andere sleutel op
david garrick the rolling stones|unchained melody;david garrick|unchained melody;vastgestelde schrijfwijze levert een andere sleutel op
david garrick|lady jane;david garrick the rolling stones|lady jane;
david mc williams|can i get there by candlelight;david mcwilliams|can i get there by candlelight;zelfde artiest, andere spatiëring of afkorting
david mc williams|three o clock flamingo street;david mcwilliams|three o clock flamingo street;zelfde artiest, andere spatiëring of afkorting
de alpenzusjes|bergje op bergje af;alpenzusjes|bergje op bergje af;vastgestelde schrijfwijze levert een andere sleutel op
de alpenzusjes|de jungledans;alpenzusjes|de jungledans;vastgestelde schrijfwijze levert een andere sleutel op
de alpenzusjes|hallo;alpenzusjes|hallo;vastgestelde schrijfwijze levert een andere sleutel op
de alpenzusjes|helemaal dol;alpenzusjes|helemaal dol;vastgestelde schrijfwijze levert een andere sleutel op
de alpenzusjes|hoemparapapa;alpenzusjes|hoemparapapa;vastgestelde schrijfwijze levert een andere sleutel op
de alpenzusjes|hutje op de hei;alpenzusjes|hutje op de hei;vastgestelde schrijfwijze levert een andere sleutel op
de alpenzusjes|kontebonke;alpenzusjes|kontebonke;vastgestelde schrijfwijze levert een andere sleutel op
de alpenzusjes|macho hans;alpenzusjes|macho hans;vastgestelde schrijfwijze levert een andere sleutel op
de alpenzusjes|naar de costa;alpenzusjes|naar de costa;vastgestelde schrijfwijze levert een andere sleutel op
de alpenzusjes|naar voren naar achteren;alpenzusjes|naar voren naar achteren;vastgestelde schrijfwijze levert een andere sleutel op
de sjonnies|blauw van de sangria;sjonnies|blauw van de sangria;vastgestelde schrijfwijze levert een andere sleutel op
de sjonnies|coupe soleil oh wat zijn we blij;sjonnies|coupe soleil oh wat zijn we blij;vastgestelde schrijfwijze levert een andere sleutel op
de sjonnies|dans je de hele nacht met mij;sjonnies|dans je de hele nacht met mij;vastgestelde schrijfwijze levert een andere sleutel op
de sjonnies|hallo hallo;sjonnies|hallo hallo;vastgestelde schrijfwijze levert een andere sleutel op
de sjonnies|helemaal los;sjonnies|helemaal los;vastgestelde schrijfwijze levert een andere sleutel op
de sjonnies|m n fiets is gejat;sjonnies|m n fiets is gejat;vastgestelde schrijfwijze levert een andere sleutel op
delerium ft sarah mclachlan|silence remix;delerium ft sarah mclachlan|silence remixes;zelfde nummer, andere schrijfwijze (bron kent er een)
dennie christian|tijd voor gezelligheid;dennie christian|tijd voor wat gezelligheid;2013 oranje
dennis cornelissen|boem boem boem;dennis conelissen|boem boem boem;2012 oranje
depeche mode|itsnogood;depeche mode|it s no good;zelfde nummer, andere spatiëring
depeche mode|love in itself 2 3 and live tracks mini album just can t get enough live;depeche mode|just can t get enough live;top40.nl zet de uitgave voor het nummer
depeche mode|strange love;depeche mode|strangelove;zelfde nummer, andere schrijfwijze (bron kent er twee)
dexy s midnight runners|geno;dexys midnight runners|geno;zelfde artiest, andere spatiëring of afkorting
dick treesie en dj bompa|dans met mij vannacht;dick treesie en dj bompa|dans met mijn vannacht;2010 oranje
diggy des ft eva de roovere|slaap lekker fantastig toch;diggy dex ft eva de roovere|slaap lekker fantastig toch;2009 oranje
dijk the scene|de wereld is van iedereen iedereen is van de wereld nieuwe laarzen van een oude leest;dijk the scene|iedereen is van de wereld nieuwe laarzen van een oude leest;top40.nl zet de uitgave voor het nummer
dirk meeldijk|waarom laat jij mij alleen;dirk meeldijk|waarom laat je mij alleen;2015 oranje
dj bobo|pray;d j bobo|pray;zelfde artiest, andere spatiëring of afkorting
dj jaroon ft goldfinger|de ski song;dj daroon ft goldfinger|de ski song;2008 oranje
django wagner met antje monteiro|vlinders;django wagner & antje monteiro|vlinders;2014 oranje
django wagner|mijn naam is marina;django wagner|mijn naam dat is marina;2010 oranje
donna summer|mac arthur park;donna summer|macarthur park;zelfde nummer, andere schrijfwijze (bron kent er een)
donnie & frans duijts|frans duits de leeuwendans klaar voor de aftrap;donnie & frans duijts|frans duits;2021 top40
donovan|jennifer juniper;donovan|jenifer juniper;zelfde nummer, andere schrijfwijze (bron kent er een)
drunkenmunky|e e as in eveline;drunkenmunky|e as in eveline;"top40.nl noteerde twee schrijfwijzen; MusicBrainz kent beide, keuze van Heye"
duo nl|ik droom ervan;duonl|ik droom ervan;2013 oranje
duo nl|ik mis je;duonl|ik mis je;2012 oranje
duranduran|all she wants is;duran duran|all she wants is;zelfde artiest, andere spatiëring of afkorting
duranduran|do you believe in shame;duran duran|do you believe in shame;zelfde artiest, andere spatiëring of afkorting
duranduran|i don t want your love;duran duran|i don t want your love;zelfde artiest, andere spatiëring of afkorting
earth wind v fire|after the love has gone;earth wind & fire|after the love has gone;typefout in de artiestnaam (Earth, Wind v Fire -> Earth, Wind & Fire), vastgesteld met MusicBrainz/Wikipedia
easybeats the dukes|friday on my mind;easybeats|friday on my mind;
ed sheeran ed sheeran ft googoosh|azizam azizam persian version;ed sheeran|azizam;"2025, Top 40 week 17: één week lang stond ""Azizam"" als dubbele A-kant met de Perzische versie erbij. De weekteller van de site liep gewoon door (2-3-4) en de vorige-positieketen was ononderbroken, dus het is dezelfde notering."
ed sheeran ft lil baby|2step;ed sheeran ed sheeran ft lil baby ed sheeran ft antytila|2step;2022 tipparade
ed sheeran|perfect;ed sheeran ed sheeran & beyonce|perfect;2017 top40
elton john|crocodille rock;elton john|crocodile rock;zelfde nummer, andere schrijfwijze (bron kent er een)
elvis costello|olivers army;elvis costello|oliver s army;zelfde nummer, andere schrijfwijze (bron kent er twee)
elvis presley elvis|are you lonesome tonight a very special version from las vegas lachversion live in las vegas are you lonesome tonight the famous laughing version;elvis presley elvis|are you lonesome tonight the famous laughing version;top40.nl zet de uitgave voor het nummer
enigma|sadeness part i;enigma|sadeness part 1;zelfde nummer, andere schrijfwijze (bron kent er twee)
erasure|crackers international stop;erasure|stop;top40.nl zet de uitgave voor het nummer
eric clapton|knocking on heaven s door;eric clapton|knockin on heaven s door;zelfde nummer, andere schrijfwijze (bron kent er twee)
faithless|insomnia cec edit;faithless|insomnia cec radio mix;1996: top40.nl hernoemde de lopende notering van Insomnia halverwege van [CEC Edit] naar [CEC Radio Mix]. Samen precies michajans' 254 punten / 15 weken.
family|strange band the weavers answer;family|the weavers answer;top40.nl zet de uitgave voor het nummer
fedde legrand|1 2 step;fedde le grand|1 2 step;typefout in de artiestnaam (Fedde Legrand -> Fedde Le Grand), vastgesteld met MusicBrainz/Wikipedia
feest team|ik neem je mee;feestteam|ik neem je mee;typefout in de artiestnaam (Het Feest Team -> Het Feestteam), vastgesteld met MusicBrainz/Wikipedia
fiddler s dram|daytrip to bangor didn t we have a lovely time;fiddler s dram|day trip to bangor didn t we have a lovely time;zelfde nummer, andere schrijfwijze (bron kent er een)
first choice|let no man put us under;first choice|let no man put asunder;zelfde nummer, andere schrijfwijze (bron kent er twee)
flower pot men|a walk in the sky;flowerpot men|a walk in the sky;zelfde artiest, andere spatiëring of afkorting
flower pot men|let s go to san francisco;flowerpot men|let s go to san francisco;zelfde artiest, andere spatiëring of afkorting
fpi project ft sharon dee clarke|rich in paradise remixes going back to my roots;fpi project ft sharon dee clarke|going back to my roots;top40.nl zet de uitgave voor het nummer
frank van etten|jij bent niet meer die man van toen;frank van etten|jij bent niet mee die man van toen;"Titel-typefout; op verzoek is de ""mee""-schrijfwijze de canonieke sleutel."
frank van etten|neem me in je dromen mee;frank van etten|neem me mee in je dromen;2011 oranje
franky falcon|ik heb niemand nodig;franky falcon|ik heb niemand nodig remix 2013;2013 oranje
frans bauer & laury lynn|al duurt de nacht tot morgenvroeg;frans bauer & laura lynn|al duurt de nacht tot morgenvroeg;2008 oranje
frans duijts met django wagner|in ons cafe;frans duijts & django wagner|in ons cafe;"De site wisselde ""met"" en ""&"" in de credit."
frans duyts|jij denkt maar dat alles mag;frans duijts|jij denkt maar dat alles mag;Frans Duyts is dezelfde artiest als Frans Duijts -- de Oranje Top 30 spelde hem in 2008 en 2009 verkeerd.
frans duyts|nee niet zeggen hoe ik leven moet;frans duijts|nee niet zeggen hoe ik leven moet;
frenna frenna ft jonna fraser & emms frenna ft davido & dystinct|pretty girls pretty girls remix more pretty girls;frenna frenna ft jonna fraser & emms|pretty girls pretty girls remix;2024 top40
frenna|pretty girls;frenna frenna ft jonna fraser & emms|pretty girls pretty girls remix;2024 top40
gabry|voor die ene nacht;gabry|die ene nacht;2013 oranje
gaby dirne presenteert het lionkwintet|wij zijn de fanfare;gaby dirne presenteert het lion kwintet|wij zijn de fanfare;zelfde artiest, andere spatiëring of afkorting
gaby dirne presents the valentino s gaby dirne presents rudolf and the valentino s|bella bella donna;gaby dirne presents the valentino s|bella bella donna;"de hoes van de single (Danny Records, via Discogs) crediteert ""Gaby Dirne presents: the Valentino's"" -- zonder Rudolf"
gebroeders grim|we nemen er nog een we nemen er nog twee;gebroeders grimm|we nemen er nog een we nemen er nog twee;typefout in de artiestnaam (Gebroeders Grim -> Gebroeders Grimm), vastgesteld met MusicBrainz/Wikipedia
gebroeders ko|drink als een prins;gebroeders ko & la bamba|drink als een prins;2014 oranje
gents danny froger wesley klein danny nicolai|dans en zing;gents|dans en zing;2014 oranje
george mc crae|sing a happy song;george mccrae|sing a happy song;typefout in de artiestnaam (George Mc Crae -> George McCrae), vastgesteld met MusicBrainz/Wikipedia
george michael|toofunky;george michael|too funky;zelfde nummer, andere spatiëring
georgie fame and the blue flames|yeah yeah yeah yeh yeh;georgie fame and the blue flames|yeah yeh yeh;"de Nederlandse uitgave van deze single heette ""Yeah, Yeh, Yeh"" (net als in DK/DE/CH/ZA); ""Yeah, Yeah"" was de foute eerste Britse persing en de Griekse titel. Het nummer zelf heet ""Yeh, Yeh""."
gert verhulst jan smit & james cooke|altijd;gert verhulst & jan smit & james cooke|altijd;2019 oranje
golden ear rings|that day;golden earrings|that day;zelfde artiest, andere spatiëring of afkorting
grad damen & the baslily boys|ik hou het meest van jou;grad damen & the basily boys|ik hou het meest van jou;2010 oranje
grand funk|somekind of wonderful;grand funk|some kind of wonderful;zelfde nummer, andere schrijfwijze (bron kent er een)
grard joling & jandino|mijn liefde;gerard joling & jandino|mijn liefde;2013 oranje
guusmeeuwis|genoten;guus meeuwis|genoten;typefout in de artiestnaam (GuusMeeuwis -> Guus Meeuwis), vastgesteld met MusicBrainz/Wikipedia
haven|i run;haven ft kaitlin aragon|i run;2025, Tipparade week 46 -> 47: de site voegde de gastartiest toe aan de credit.
henk damen|laat mij alleen;henk damen|laat mij maar alleen;2010 oranje
henk dissel|jij en ik;henk dissel|jij en ik nog een keer samen;2015 oranje
herb alpert and the tijuana brass|carmen;herb alpert & the tijuana brass|carmen;typefout in de artiestnaam (Herb Alpert and The Tijuana Brass -> Herb Alpert & The Tijuana Brass), vastgesteld met MusicBrainz/Wikipedia
herman brood & the wild romance|tattoo song;herman brood & his wild romance|tattoo song;typefout in de artiestnaam (Herman Brood & The Wild Romance -> Herman Brood & His Wild Romance), vastgesteld met MusicBrainz/Wikipedia
herman brood and his wild romance|hot shot;herman brood & his wild romance|hot shot;typefout in de artiestnaam (Herman Brood and His Wild Romance -> Herman Brood & His Wild Romance), vastgesteld met MusicBrainz/Wikipedia
herman s hermits|i m henry the eighth i am;herman s hermits|i m henery the eighth i am;zelfde nummer, andere schrijfwijze (bron kent er twee)
hessel wijkstra & ineke de jong|de deur staat altijd open;hessel wijkstra & ineke|de deur staat altijd open;vastgestelde schrijfwijze levert een andere sleutel op
hessel wijkstra & ineke|de deur staat altijd open;hessel wijkstra & ineke de jong|de deur staat altijd open;2018 oranje
i c t|lasciati tentare;ict|lasciati tentare;vastgestelde schrijfwijze levert een andere sleutel op
ict|lasciati tentare;i c t|lasciati tentare;zelfde artiest, andere spatiëring of afkorting
ios is ook schitterend|iedereen;i o s is ook schitterend|iedereen;zelfde artiest, andere spatiëring of afkorting
isookschitterend|zaterdagnacht;is ook schitterend|zaterdagnacht;zelfde artiest, andere spatiëring of afkorting
ivan heylen|de wilde boerendochter;ivan heylen|de wilde boerndochtere;zelfde nummer, andere schrijfwijze (bron kent er twee)
j fiz & ksix ft veertien|vaag;j fiz & ksix ft veertien jfiz & ksix & jay|vaag vaag remix;2024 tipparade
jack jersey|papa was a poor man;jack jersey|pappa was a poor man;zelfde nummer, andere schrijfwijze (bron kent er twee)
jackson 5|abc;jackson 5|a b c;zelfde nummer, andere spatiëring
jan leliveld|vriendschap vrolijk kerstfeest;jan leliveld|vriendschap;2010 oranje
jan smit|hoop liefde & vertrouwen;jan smit|hoop liefde en vertrouwen;zelfde nummer, andere schrijfwijze (bron kent er twee)
jeroen vanderboom|een wereld;jeroen van der boom|een wereld;zelfde artiest, andere spatiëring of afkorting
jeroen vanderboom|jij bent zo;jeroen van der boom|jij bent zo;zelfde artiest, andere spatiëring of afkorting
jettie palettie|ik zit in een cafeetje;jettie pallettie|ik zit in een cafeetje;typefout in de artiestnaam (Jettie Palettie -> Jettie Pallettie), vastgesteld met MusicBrainz/Wikipedia
jettie pallettie|hey knul;jettie pallettie|hey knull;2008 oranje
jlo|papi;j lo|papi;zelfde artiest, andere spatiëring of afkorting
job bovenlander|sinds die ene nacht;job bovelander|sinds die ene nacht;Handmatig beoordeeld door Heye, 31-07-2026. Zelfde artiest, typefout van de site.
john de bever|je bent de knapste de mooiste en zo spo;john de bever|je bent de knapste de mooiste en zo spontaan;2011 oranje
john de bever|jij krijgt de lach niet van mijn gezicht;john de bever|jij krijgt die lach niet van mijn gezicht;2015 oranje
johnny gold ft leetowers|ga door;johnny gold ft lee towers|ga door;2012 oranje
johny hoes & de piratentoppers|johny hoes medley;johnny hoes & de piratentoppers|johnny hoes medley;2011 oranje
jolanda zoomer & frank verkooyen|jij en ik;jolanda zoomer & frank verkooijen|jij en ik;2013 oranje
jolanda zoomer & nfrank verkooyen|jij en ik;jolanda zoomer & frank verkooyen|jij en ik;2013 oranje
joly en terry west|de tijd is bijna op;joly & terry west|de tijd is bijna op;typefout in de artiestnaam (Joly En Terry West -> Joly & Terry West), vastgesteld met MusicBrainz/Wikipedia
journey|don t stop believing;journey|don t stop believin;zelfde nummer, andere schrijfwijze (bron kent er twee)
justen de wildt justen de wildt & outsiders|cheerio cheerio remix;justen de wildt|cheerio;"top40.nl hernoemde in week 25 de lopende notering ""Cheerio"" naar de dubbele A-kant ""Cheerio / Cheerio - Remix"". De site hield positie en weekteller gewoon door, dus het is dezelfde notering; zonder deze regel splitst hij in twee rijen en worden de punten verdeeld. Geldt voor Top 40 en Sterren NL."
justin wellington and small jam|iko iko;justin wellington ft small jam|iko iko my bestie;
kane kane & carice van houten|no surrender;kane|no surrender;2010 top40
kanyewest|stronger;kanye west|stronger;zelfde artiest, andere spatiëring of afkorting
kate bush|on stage them heavy people;kate bush|them heavy people;top40.nl zet de uitgave voor het nummer
kc & the sunshine band|give it up;k c & the sunshine band|give it up;zelfde artiest, andere spatiëring of afkorting
kc & the sunshine band|something s happening;k c & the sunshine band|something s happening;zelfde artiest, andere spatiëring of afkorting
kenny b|nospang;kenny b|no spang;zelfde nummer, andere schrijfwijze (bron kent er geen)
kermis klanten|kleine liefdesmelodie;kermisklanten|kleine liefdesmelodie;zelfde artiest, andere spatiëring of afkorting
kermis klanten|zigeuner tango;kermisklanten|zigeuner tango;zelfde artiest, andere spatiëring of afkorting
kevin ft yade lauren|samen samen akoestisch;kevin ft yade lauren|samen;2021 tipparade
kid laroi the kid laroi & miley cyrus|without you;kid laroi|without you;2021 top40
kinks|day s;kinks|days;zelfde nummer, andere spatiëring
klazina|tiktakkeboem;klazina|tiktakkeboemboem;2013 oranje
korgis|rover s return;korgis|rovers return;zelfde nummer, andere schrijfwijze (bron kent er twee)
la fuente|ratata ratata outsiders remix;la fuente|ratata;2024 top40
latoya jackson|oops oh no;la toya jackson|oops oh no;zelfde artiest, andere spatiëring of afkorting
leaf|wonderwoman;leaf|wonder woman;zelfde nummer, andere schrijfwijze (bron kent er twee)
lee towers|you never walk alone;lee towers|you ll never walk alone;zelfde nummer, andere schrijfwijze (bron kent er twee)
leo nardell|zai zai zai hn;leo nardell|zai zai zai;2011 oranje
level 42|hotwater;level 42|hot water;zelfde nummer, andere schrijfwijze (bron kent er een)
lia velasco|5 05 pm another fridaynight;lia velasco|5 0 5 p m another fridaynight;zelfde nummer, andere schrijfwijze (bron kent er twee)
londonbeat|9am;londonbeat|9 am;zelfde nummer, andere spatiëring
lou & the hollywood bananas|kingston kingston;lou and the hollywood bananas|kingston kingston;typefout in de artiestnaam (Lou & The Hollywood Bananas -> Lou and The Hollywood Bananas), vastgesteld met MusicBrainz/Wikipedia
love unlimited|walkin in the rain with the one you love;love unlimited|walking in the rain with the one i love;zelfde nummer, andere schrijfwijze (bron kent er een)
lucas en gea|jij bent veel mooier als je lac;lucas en gea|jij bent veel mooier als je lacht;"Afgekapte titel (""lac"" i.p.v. ""lacht"") -- niet apart benoemd, maar een onmiskenbare typefout van dezelfde soort als de andere."
lucien martin|jou aan m n zij;lucie martin|jou aan m n zij;2008 oranje
luis fonsi ft daddy yankee|despacito;luis fonsi ft daddy yankee luis fonsi & da|despacito despacito remix;2017 top40
m c hammer|here comes the hammer;mc hammer|here comes the hammer;zelfde artiest, andere spatiëring of afkorting
m c miker g|don t let the music stop;mc miker g|don t let the music stop;vastgestelde schrijfwijze levert een andere sleutel op
m c miker g|show m the bass;mc miker g|show m the bass;vastgestelde schrijfwijze levert een andere sleutel op
marc almond|somethings gotten hold of my heart;marc almond|something s gotten hold of my heart;zelfde nummer, andere schrijfwijze (bron kent er twee)
marco de hollander|we drinken wijn;marco de hollander|wij drinken wijn;"2025, Oranje week 27 -> 28: ""Wij drinken wijn"" werd ""We drinken wijn""."
marco schuitmaker outsiders & marco schuitmaker|engelbewaarder engelbewaarder outsiders remix;marco schuitmaker|engelbewaarder;2023 top40
marianne weber|als de rozen weer in de bloei;marianne weber|als de rozen weer in bloei staan;2011 oranje
marlane|vlieg met me mee vannacht;marlane|vlieg met mij mee vannacht;zelfde nummer, andere schrijfwijze (bron kent er geen)
marlous oosting|verlangen naar een herinnering;marlous|verlangen naar een herinnering;2019 oranje
mart hoogkamer|ik spaar geen c nten;mart hoogkamer|ik spaar geen centen;zelfde nummer, andere schrijfwijze (bron kent er een)
martha and the vandellas|dancing in the street;martha & the vandellas|dancing in the street;typefout in de artiestnaam (Martha and The Vandellas -> Martha & The Vandellas), vastgesteld met MusicBrainz/Wikipedia
marvin gaye|too busy thinking about my baby;marvin gaye|too busy thinking bout my baby;zelfde nummer, andere schrijfwijze (bron kent er een)
mary hopkin sandie shaw|those were the days;mary hopkin|those were the days;
marymary|shackles praise you;mary mary|shackles praise you;zelfde artiest, andere spatiëring of afkorting
massive attack|tear drop;massive attack|teardrop;zelfde nummer, andere schrijfwijze (bron kent er twee)
mc coys|hang on sloopy;mccoys|hang on sloopy;zelfde artiest, andere spatiëring of afkorting
mc fixx it|rock the discotex;mc fixxit|rock the discotex;zelfde artiest, andere spatiëring of afkorting
mc miker g|don t let the music stop;m c miker g|don t let the music stop;zelfde artiest, andere spatiëring of afkorting
mc sar & the real mccoy|it s on you;m c sar & the real mccoy|it s on you;zelfde artiest, andere spatiëring of afkorting
mcguinn clark & hillmann|don t you write her off;mcguinn clark & hillman|don t you write her off;typefout in de artiestnaam (McGuinn, Clark & Hillmann -> McGuinn, Clark & Hillman), vastgesteld met MusicBrainz/Wikipedia
melissa etheridge|live like the way i do;melissa etheridge|like the way i do;top40.nl zet de uitgave voor het nummer
merry men|archie;merrymen|archie;zelfde artiest, andere spatiëring of afkorting
merry men|mary ann;merrymen|mary ann;zelfde artiest, andere spatiëring of afkorting
merry men|things are thight;merrymen|things are thight;zelfde artiest, andere spatiëring of afkorting
metallica|the unforgiven;metallica|the unforgiven i;zelfde nummer, andere schrijfwijze (bron kent er een)
michael nesmith and the first national band|joanne;michael nesmith & the first national band|joanne;typefout in de artiestnaam (Michael Nesmith and The First National Band -> Michael Nesmith & The First National Band), vastgesteld met MusicBrainz/Wikipedia
mickjagger|godgavemeeverything;mick jagger|godgavemeeverything;typefout in de artiestnaam (MickJagger -> Mick Jagger), vastgesteld met MusicBrainz/Wikipedia
miguel rios|a song of joy himmo a la alegria;miguel rios|a song of joy himno a la alegria;zelfde nummer, andere schrijfwijze (bron kent er geen)
mike peterson yes r|altijd bij jou zijn;mike peterson ft yes r|altijd bij jou zijn;2016 oranje
mink de ville|just your friends;mink deville|just your friends;typefout in de artiestnaam (Mink De Ville -> Mink Deville), vastgesteld met MusicBrainz/Wikipedia
monique smit tim douwsma|een zomeravond met jou;monique smit & tim douwsma|een zomeravond met jou;2011 oranje
monkees|day dream believer;monkees|daydream believer;zelfde nummer, andere schrijfwijze (bron kent er twee)
mooi wark|alle tokkies lopen op crockies;mooiwark|alle tokkies lopen op crockies;zelfde artiest, andere spatiëring of afkorting
mooi wark|daor heb ik schijt an;mooiwark|daor heb ik schijt an;zelfde artiest, andere spatiëring of afkorting
mooi wark|doodse stilte;mooiwark|doodse stilte;zelfde artiest, andere spatiëring of afkorting
mooi wark|goeie been verkeerde bed;mooiwark|goeie been verkeerde bed;2010 oranje
mooi wark|jalalala;mooiwark|jalalala;2011 oranje
mooi wark|liever in de stront dan tussen de kak;mooiwark|liever in de stront dan tussen de kak;zelfde artiest, andere spatiëring of afkorting
mooi wark|oh yvon;mooiwark|oh yvon;zelfde artiest, andere spatiëring of afkorting
mooi wark|schijt aan de regels;mooi wark|schijt aan regels;2008 oranje
mooi wark|schijt aan regels;mooiwark|schijt aan regels;zelfde artiest, andere spatiëring of afkorting
mooi wark|tepels liegen niet;mooiwark|tepels liegen niet;zelfde artiest, andere spatiëring of afkorting
mooi wark|vaya con dios;mooiwark|vaya con dios;zelfde artiest, andere spatiëring of afkorting
mooiwark|alle tokkies lopen op crockies;mooi wark|alle tokkies lopen op crockies;vastgestelde schrijfwijze levert een andere sleutel op
mooiwark|bok m d r op;mooi wark|bok m d r op;vastgestelde schrijfwijze levert een andere sleutel op
mooiwark|daor heb ik schijt an;mooi wark|daor heb ik schijt an;vastgestelde schrijfwijze levert een andere sleutel op
mooiwark|doodse stilte;mooi wark|doodse stilte;vastgestelde schrijfwijze levert een andere sleutel op
mooiwark|goeie been verkeerde bed;mooi wark|goeie been verkeerde bed;vastgestelde schrijfwijze levert een andere sleutel op
mooiwark|jalalala;mooi wark|jalalala;vastgestelde schrijfwijze levert een andere sleutel op
mooiwark|laot maor gaon;mooi wark|laot maor gaon;vastgestelde schrijfwijze levert een andere sleutel op
mooiwark|liever in de stront dan tussen de kak;mooi wark|liever in de stront dan tussen de kak;vastgestelde schrijfwijze levert een andere sleutel op
mooiwark|oh yvon;mooi wark|oh yvon;vastgestelde schrijfwijze levert een andere sleutel op
mooiwark|schijt aan regels;mooi wark|schijt aan regels;vastgestelde schrijfwijze levert een andere sleutel op
mooiwark|tepels liegen niet;mooi wark|tepels liegen niet;vastgestelde schrijfwijze levert een andere sleutel op
mooiwark|vaya con dios;mooi wark|vaya con dios;vastgestelde schrijfwijze levert een andere sleutel op
mooiwark|warkende helden;mooi wark|warkende helden;vastgestelde schrijfwijze levert een andere sleutel op
mooiwark|we zingen en we springen in t oranje rond;mooi wark|we zingen en we springen in t oranje rond;vastgestelde schrijfwijze levert een andere sleutel op
mulder & mulder|in de hemel is geen bier;mulder en mulder|in de hemel is geen bier;2013 oranje
n sync|bye bye bye;nsync|bye bye bye;zelfde artiest, andere spatiëring of afkorting
n sync|here we go;nsync|here we go;zelfde artiest, andere spatiëring of afkorting
n sync|i want you back;nsync|i want you back;zelfde artiest, andere spatiëring of afkorting
n sync|tearin up my heart;nsync|tearin up my heart;zelfde artiest, andere spatiëring of afkorting
neil diamond|morningside;neil diamond|morning side;zelfde nummer, andere schrijfwijze (bron kent er twee)
nick & simon|vlinders santa s party;nick & simon|vlinders;2011 oranje
nini rosso heinz schachtner|il silenzio abschiedsmelodie il silenzio;nini rosso|il silenzio abschiedsmelodie il silenzio;vastgestelde schrijfwijze levert een andere sleutel op
nini rosso|il silenzio;nini rosso heinz schachtner|il silenzio abschiedsmelodie il silenzio;Jaren zestig: een positie werd gedeeld door meerdere versies van hetzelfde nummer, en top40.nl liet de artiestenlijst per week aangroeien. Daardoor valt een notering bij ons in twee tot vier stukken uiteen. Gevonden via de kruiscontrole met michajans.nl: per geval tellen onze stukken exact op tot zijn ene notering, in punten, weken en hoogste positie tegelijk.
no doubt|dont speak;no doubt|don t speak;zelfde nummer, andere schrijfwijze (bron kent er een)
o g3ne|clown;og3ne|clown;zelfde artiest, andere spatiëring of afkorting
o g3ne|cold;og3ne|cold;zelfde artiest, andere spatiëring of afkorting
o g3ne|emotion;og3ne|emotion;zelfde artiest, andere spatiëring of afkorting
o g3ne|lights and shadows;og3ne|lights and shadows;zelfde artiest, andere spatiëring of afkorting
o g3ne|magic;og3ne|magic;zelfde artiest, andere spatiëring of afkorting
o g3ne|take the money and run;og3ne|take the money and run;zelfde artiest, andere spatiëring of afkorting
o g3ne|the power of christmas;og3ne|the power of christmas;zelfde artiest, andere spatiëring of afkorting
o g3ne|wings to fly;og3ne|wings to fly;zelfde artiest, andere spatiëring of afkorting
o m d|tesla girls;omd|tesla girls;zelfde artiest, andere spatiëring of afkorting
offspring|come out and play keep em seperated;offspring|come out and play keep em separated;zelfde nummer, andere schrijfwijze (bron kent er een)
og3ne|but i do;o g3ne|but i do;vastgestelde schrijfwijze levert een andere sleutel op
og3ne|clouds across the sun;o g3ne|clouds across the sun;vastgestelde schrijfwijze levert een andere sleutel op
og3ne|clown;o g3ne|clown;vastgestelde schrijfwijze levert een andere sleutel op
og3ne|cold;o g3ne|cold;vastgestelde schrijfwijze levert een andere sleutel op
og3ne|emotion;o g3ne|emotion;vastgestelde schrijfwijze levert een andere sleutel op
og3ne|lights and shadows;o g3ne|lights and shadows;vastgestelde schrijfwijze levert een andere sleutel op
og3ne|magic;o g3ne|magic;vastgestelde schrijfwijze levert een andere sleutel op
og3ne|take the money and run;o g3ne|take the money and run;vastgestelde schrijfwijze levert een andere sleutel op
og3ne|the power of christmas;o g3ne|the power of christmas;vastgestelde schrijfwijze levert een andere sleutel op
og3ne|veel te snel;o g3ne|veel te snel;vastgestelde schrijfwijze levert een andere sleutel op
og3ne|wings to fly;o g3ne|wings to fly;vastgestelde schrijfwijze levert een andere sleutel op
omd|dream of me based on love s theme;o m d|dream of me based on love s theme;vastgestelde schrijfwijze levert een andere sleutel op
omd|tesla girls;o m d|tesla girls;vastgestelde schrijfwijze levert een andere sleutel op
orchestral manoeuvres in the dark|maid of orleans the waltz joan of arc;orchestral manoeuvres in the dark|maid of orleans the waltz of joan of arc;zelfde nummer, andere schrijfwijze (bron kent er een)
p m dawn|set adrift on memory bliss;pm dawn|set adrift on memory bliss;zelfde artiest, andere spatiëring of afkorting
partridge family|looking through the eyes of love;partridge family|looking thru the eyes of love;zelfde nummer, andere schrijfwijze (bron kent er een)
pascal redeker|lieve mathilda;pascal redeker|lieve mathilde;2016 oranje
pascal redeker|vrijgezel;pascal redeker|de vrijgezel;2022 oranje
paul de leeuw alias bob de rooy|giddy up go;paul de leeuw bob de rooy|giddy up go;Bob de Rooy is het alter ego van Paul de Leeuw
paul mccartney|wonderful christmastime;paul mccartney|wonderful christmas time;zelfde nummer, andere schrijfwijze (bron kent er twee)
paul young|every time you go away;paul young|everytime you go away;zelfde nummer, andere schrijfwijze (bron kent er twee)
penny mclean|1 2 3 4 fire;penny mc lean|1 2 3 4 fire;zelfde artiest, andere spatiëring of afkorting
petula clark|down town;petula clark|downtown;zelfde nummer, andere schrijfwijze (bron kent er twee)
pig bag|papa s got a brand new pigbag;pig bag|papa s got a brand new pig bag;zelfde nummer, andere spatiëring
pigbag|papa s got a brand new pigbag;pig bag|papa s got a brand new pigbag;zelfde artiest, andere spatiëring of afkorting
pm dawn|i d die without you;p m dawn|i d die without you;vastgestelde schrijfwijze levert een andere sleutel op
pm dawn|paper doll;p m dawn|paper doll;vastgestelde schrijfwijze levert een andere sleutel op
pm dawn|set adrift on memory bliss;p m dawn|set adrift on memory bliss;vastgestelde schrijfwijze levert een andere sleutel op
police|don t stand so close to me 86;police|don t stand so close to me;zelfde nummer, andere schrijfwijze (bron kent er twee)
popcornmakers|popcorn;popcorn makers|popcorn;zelfde nummer, andere spatiëring
puff daddy & faith evans ft 112|tribute to the notorious b i g i ll be missing you;puff daddy & faith evans ft 112|i ll be missing you;top40.nl zet de uitgave voor het nummer
rainbow|since you ve been gone;rainbow|since you been gone;zelfde nummer, andere schrijfwijze (bron kent er twee)
ray van der heijden|zo is maria;ray van der heiden|zo is maria;2013 oranje
red hot chili peppers|roadtrippin;red hot chili peppers|road trippin;zelfde nummer, andere schrijfwijze (bron kent er een)
redhot chili peppers|by the way;red hot chili peppers|by the way;zelfde artiest, andere spatiëring of afkorting
rema rema & selena gomez|calm down;rema|calm down;2022 top40
rem|supernatural superserious;r e m|supernatural superserious;zelfde artiest, andere spatiëring of afkorting
rene karst|hollanders;rene karst dj bart|hollanders;2016 oranje
richard cocciante|quand un amour;riccardo cocciante|quand un amour;typefout in de artiestnaam (Richard Cocciante -> Riccardo Cocciante), vastgesteld met MusicBrainz/Wikipedia
richard harris|mac arthur park;richard harris|macarthur park;zelfde nummer, andere schrijfwijze (bron kent er twee)
righteous brothers cilla black|you ve lost that lovin feelin;righteous brothers|you ve lost that lovin feeling;
righteous brothers|you ve lost that lovin feelin;righteous brothers|you ve lost that lovin feeling;
righteous brothers|you ve lost that lovin feeling;righteous brothers|you ve lost that lovin feelin;zelfde nummer, andere schrijfwijze (bron kent er twee)
rob de nijs|jan klaasen de trompetter;rob de nijs|jan klaassen de trompetter;zelfde nummer, andere schrijfwijze (bron kent er twee)
rob hoeke rhytm & blues group|that s the boogie;rob hoeke rhythm & blues group|that s the boogie;typefout in de artiestnaam (Rob Hoeke Rhytm & Blues Group -> The Rob Hoeke Rhythm & Blues Group), vastgesteld met MusicBrainz/Wikipedia
rob ronalds|ons frans is vrijgezel;rob ronalds ft dj gerrit & party dj w|ons frans is vrijgezel;2013 oranje
robert palmer|bad case of lovin you doctor doctor;robert palmer|bad case of loving you doctor doctor;zelfde nummer, andere schrijfwijze (bron kent er twee)
robert palmer|john and mary;robert palmer|johnny and mary;zelfde nummer, andere schrijfwijze (bron kent er een)
rod mc kuen|amor amor;rod mckuen|amor amor;zelfde artiest, andere spatiëring of afkorting
rogier van otterloo|muziek uit help de dokter verzuipt help;rogier van otterloo|help;top40.nl zet de uitgave voor het nummer
rolling stones|street fightin man;rolling stones|street fighting man;zelfde nummer, andere schrijfwijze (bron kent er twee)
rollingstones|sexdrive;rolling stones|sexdrive;typefout in de artiestnaam (RollingStones -> The Rolling Stones), vastgesteld met MusicBrainz/Wikipedia
ronnie ruysdael vhv de sjonnies|anti kater lied;ronnie ruysdael|anti kater lied;2010 oranje
ronnie van bemmelen|dichtbij;ronnie van bemmel|dichtbij;typefout in de artiestnaam (Ronnie Van Bemmelen -> Ronnie Van Bemmel), vastgesteld met MusicBrainz/Wikipedia
roy raymonds|la la la liedje;roy raymonds|lalala liedje;2011 oranje
rubettes|juke box jive;rubettes|jukebox jive;zelfde nummer, andere schrijfwijze (bron kent er twee)
rudi carrell|samen n straatje om;rudi carrell|samen een straatje om;zelfde nummer, andere schrijfwijze (bron kent er twee)
rudy bennett|how can we hang on to a dream;tim hardin how can we hang on to a dream|titelsong uit de film zoeken naar eileen;
run dmc & jason nevins|it s like that;run d m c & jason nevins|it s like that;zelfde artiest, andere spatiëring of afkorting
s xpress|hey music lover;s express|hey music lover;typefout in de artiestnaam (S'Xpress -> S-Express), vastgesteld met MusicBrainz/Wikipedia
samuel welten|de leeuw komt er aan;samuel welten|de leeuw komt eraan;zelfde nummer, andere schrijfwijze (bron kent er een)
sandpipers digno garcia y sus carios|guantanamera;sandpipers|guantanamera;vastgestelde schrijfwijze levert een andere sleutel op
sandpipers|guantanamera;sandpipers digno garcia y sus carios|guantanamera;
sandra & andres billy vera & judy clay nancy & lee|aime moi love me;sandra & andres|aime moi love me;vastgestelde schrijfwijze levert een andere sleutel op
sandra & andres billy vera & judy clay nancy & lee|als het om de liefde gaat;sandra & andres|als het om de liefde gaat;vastgestelde schrijfwijze levert een andere sleutel op
sandra & andres billy vera & judy clay nancy & lee|dzjing boem te ra ta ta;sandra & andres|dzjing boem te ra ta ta;vastgestelde schrijfwijze levert een andere sleutel op
sandra & andres billy vera & judy clay nancy & lee|just across the line;sandra & andres|just across the line;vastgestelde schrijfwijze levert een andere sleutel op
sandra & andres billy vera & judy clay nancy & lee|love is all around;sandra & andres|love is all around;vastgestelde schrijfwijze levert een andere sleutel op
sandra & andres billy vera & judy clay nancy & lee|mama mia;sandra & andres|mama mia;vastgestelde schrijfwijze levert een andere sleutel op
sandra & andres billy vera & judy clay nancy & lee|mary madonna;sandra & andres|mary madonna;vastgestelde schrijfwijze levert een andere sleutel op
sandra & andres billy vera & judy clay nancy & lee|oh nous sommes tres amoureux;sandra & andres|oh nous sommes tres amoureux;vastgestelde schrijfwijze levert een andere sleutel op
sandra & andres billy vera & judy clay nancy & lee|que je t aime;sandra & andres|que je t aime;vastgestelde schrijfwijze levert een andere sleutel op
sandra & andres billy vera & judy clay nancy & lee|reaching for the moon;sandra & andres|reaching for the moon;vastgestelde schrijfwijze levert een andere sleutel op
sandra & andres billy vera & judy clay nancy & lee|somethin in my heart;sandra & andres|somethin in my heart;vastgestelde schrijfwijze levert een andere sleutel op
sandra & andres billy vera & judy clay nancy & lee|storybook children;sandra & andres|storybook children;vastgestelde schrijfwijze levert een andere sleutel op
sandra & andres billy vera & judy clay nancy & lee|those words;sandra & andres|those words;vastgestelde schrijfwijze levert een andere sleutel op
sandra & andres billy vera & judy clay nancy & lee|true love;sandra & andres|true love;vastgestelde schrijfwijze levert een andere sleutel op
sandra & andres billy vera & judy clay nancy & lee|you believed;sandra & andres|you believed;vastgestelde schrijfwijze levert een andere sleutel op
sandra & andres|storybook children;sandra & andres billy vera & judy clay nancy & lee|storybook children;
sensation|the anthem 2003;sensation|the anthem 2002;zelfde nummer, andere schrijfwijze (bron kent er twee)
sensation|the anthem 2004;sensation|the anthem 2003;zelfde nummer, andere schrijfwijze (bron kent er twee)
shakespear s sister|you re history;shakespears sister|you re history;zelfde artiest, andere spatiëring of afkorting
shamrocks de maskers|cadillac brand new cadillac;shamrocks the renegades|cadillac;
shamrocks the renegades de maskers|cadillac cadillac brand new cadillac;shamrocks the renegades|cadillac;
shamrocks the renegades|cadillac;shamrocks the renegades de maskers|cadillac;vastgestelde schrijfwijze levert een andere sleutel op
shirley bassey john barry zz & de maskers the jets|big spender;shirley bassey|big spender;vastgestelde schrijfwijze levert een andere sleutel op
shirley bassey john barry zz & de maskers the jets|diamonds are forever;shirley bassey|diamonds are forever;vastgestelde schrijfwijze levert een andere sleutel op
shirley bassey john barry zz & de maskers the jets|for all we know;shirley bassey|for all we know;vastgestelde schrijfwijze levert een andere sleutel op
shirley bassey john barry zz & de maskers the jets|goldfinger;shirley bassey|goldfinger;vastgestelde schrijfwijze levert een andere sleutel op
shirley bassey john barry zz & de maskers the jets|kiss me honey honey;shirley bassey|kiss me honey honey;vastgestelde schrijfwijze levert een andere sleutel op
shirley bassey john barry zz & de maskers the jets|love story where do i begin;shirley bassey|love story where do i begin;vastgestelde schrijfwijze levert een andere sleutel op
shirley bassey john barry zz & de maskers the jets|never never never;shirley bassey|never never never;vastgestelde schrijfwijze levert een andere sleutel op
shirley bassey john barry zz & de maskers the jets|something;shirley bassey|something;vastgestelde schrijfwijze levert een andere sleutel op
shirley bassey john barry zz & de maskers the jets|the fool on the hill;shirley bassey|the fool on the hill;vastgestelde schrijfwijze levert een andere sleutel op
shirley bassey john barry zz & de maskers the jets|this is my life;shirley bassey|this is my life;vastgestelde schrijfwijze levert een andere sleutel op
shirley bassey john barry zz & de maskers the jets|this is my life la vita;shirley bassey|this is my life la vita;vastgestelde schrijfwijze levert een andere sleutel op
shirley bassey john barry zz & de maskers|goldfinger;shirley bassey john barry zz & de maskers the jets|goldfinger;
shirley bassey|goldfinger;shirley bassey john barry zz & de maskers the jets|goldfinger;
shocking blue|inkpot;shocking blue|ink pot;zelfde nummer, andere schrijfwijze (bron kent er een)
shouse|love tonight;shouse|love tonight love tonight david guetta remix;2021 top40
sieneke|blijf je vannacht bij mij;sieneke|blijf vannacht bij mij;2010 oranje
sieneke|donkere dagen kerst versie;sieneke|donkere dagen;2017 oranje
sieneke|ik ben verliefd sha la lie;sieneke|ik ben verliefd sha lalie;zelfde nummer, andere schrijfwijze (bron kent er een)
simple minds|ballad of the streets ep belfast child;simple minds|belfast child;top40.nl zet de uitgave voor het nummer
simple minds|the amsterdam ep sign o the times;simple minds|sign o the times;top40.nl zet de uitgave voor het nummer
simply red|if you dont know me by now;simply red|if you don t know me by now;zelfde nummer, andere schrijfwijze (bron kent er een)
simply red|money too tight to mention;simply red|money s too tight to mention;zelfde nummer, andere schrijfwijze (bron kent er twee)
slade|merry xmas everybody;slade|merry x mas everybody;zelfde nummer, andere schrijfwijze (bron kent er een)
sly and the family stone|stand;sly & the family stone|stand;typefout in de artiestnaam (Sly and The Family Stone -> Sly & The Family Stone), vastgesteld met MusicBrainz/Wikipedia
sos band|borrowed love;s o s band|borrowed love;zelfde artiest, andere spatiëring of afkorting
sos band|i m still missing your love;s o s band|i m still missing your love;zelfde artiest, andere spatiëring of afkorting
sos band|just the way you like it long edit;s o s band|just the way you like it long edit;zelfde artiest, andere spatiëring of afkorting
sos band|the finest;s o s band|the finest;zelfde artiest, andere spatiëring of afkorting
spiller|groove jet if this ain t love;spiller|groovejet if this ain t love;zelfde nummer, andere schrijfwijze (bron kent er twee)
spooky tooth|maxigold that was only yesterday;spooky tooth|that was only yesterday;top40.nl zet de uitgave voor het nummer
staind|it s been a while;staind|it s been awhile;zelfde nummer, andere schrijfwijze (bron kent er twee)
status quo|live roll over lay down;status quo|roll over lay down;top40.nl zet de uitgave voor het nummer
status quo|something bout you baby i like;status quo|something about you baby i like;zelfde nummer, andere schrijfwijze (bron kent er twee)
stef ekkel|op de lange latten golddiggers music;stef ekkel|op de lange latten golddiggers remix;2020 oranje
stephen stills manassas|the maxi years of atlantic vol 7 maxi single so begins the task;stephen stills manassas|so begins the task;top40.nl zet de uitgave voor het nummer
steve rowland and the family dogg|sweet america;steve rowland & the family dogg|sweet america;typefout in de artiestnaam (Steve Rowland and The Family Dogg -> Steve Rowland & The Family Dogg), vastgesteld met MusicBrainz/Wikipedia
super sister|radio;supersister|radio;zelfde artiest, andere spatiëring of afkorting
super sister|she was naked;supersister|she was naked;zelfde artiest, andere spatiëring of afkorting
susanne veldmeijer|wat kan mij het schelen;susanna veldmeijer|wat kan mij het schelen;typefout in de artiestnaam (Susanne Veldmeijer -> Susanna Veldmeijer), vastgesteld met MusicBrainz/Wikipedia
susanne|wat kan mij het schelen;susanne veldmeijer|wat kan mij het schelen;2011 oranje
suzanne michaels|it should be christmas every day;suzanne michaels|it should be christmas everyday;zelfde nummer, andere schrijfwijze (bron kent er een)
suzie quatro|the race is on;suzi quatro|the race is on;typefout in de artiestnaam (Suzie Quatro -> Suzi Quatro), vastgesteld met MusicBrainz/Wikipedia
swv|i m so into you;s w v|i m so into you;zelfde artiest, andere spatiëring of afkorting
swv|right here human nature;s w v|right here human nature;zelfde artiest, andere spatiëring of afkorting
sylvain poons & oetze verschoor|zuiderzee ballade;sylvain poons & oetze verschoor|zuiderzeeballade;zelfde nummer, andere schrijfwijze (bron kent er twee)
t n n|ayayay cielito;tnn|ayayay cielito;zelfde artiest, andere spatiëring of afkorting
tamperer & maya|feel it;tamperer ft maya|feel it;typefout in de artiestnaam (Tamperer & Maya -> The Tamperer featuring Maya), vastgesteld met MusicBrainz/Wikipedia
tc berry|1992 funky guitar;tc berry|funky guitar;top40.nl zet de uitgave voor het nummer
teri de sario|ain t nothing gonna keep me from you;teri desario|ain t nothing gonna keep me from you;zelfde artiest, andere spatiëring of afkorting
therese steinmetz|geef ze een kans;therese steinmetz|geef ze n kans;zelfde nummer, andere schrijfwijze (bron kent er geen)
therese steinmetz|speel het spel;therese steinmetz|speel t spel;zelfde nummer, andere schrijfwijze (bron kent er twee)
thin lizzy|dancing in the moonlight it s caught me in it s spotlight;thin lizzy|dancing in the moonlight it s caught me in its spotlight;zelfde nummer, andere schrijfwijze (bron kent er twee)
thomas berge|niet meer niet minder;thomas berge|niet meer en niet minder;2008 oranje
thomas berge|niets teveel;thomas berge|niets te veel;2011 oranje
tino martin & gerard joling|laat me even;tino martin & gerard joling|laat me leven;2017 oranje
tjeerd|ik weet niet waarom;tjeerd henstra|ik weet niet waarom;Achternaam ontbrak in de eerste twee weken.
tom jones gert timmerman presenteert fred jasper|delilah;tom jones|delilah;
twentyone pilots|ride;twenty one pilots|ride;zelfde artiest, andere spatiëring of afkorting
twentyone pilots|stressed out;twenty one pilots|stressed out;zelfde artiest, andere spatiëring of afkorting
twista ft kayne west & jamie foxx|slow jamz;twista|slow jamz;2004 top40
u k|rendezvous 6 02;u k|rendez vous 6 02;zelfde nummer, andere spatiëring
ub 40|if it happens again;ub40|if it happens again;zelfde artiest, andere spatiëring of afkorting
uk|rendezvous 6 02;u k|rendezvous 6 02;zelfde artiest, andere spatiëring of afkorting
ultra beat|pretty green eyes;ultrabeat|pretty green eyes;zelfde artiest, andere spatiëring of afkorting
v o f de kunst|dikkertje dap live;vof de kunst|dikkertje dap live;zelfde artiest, andere spatiëring of afkorting
v o f de kunst|k wil niet met een ander dansen;vof de kunst|k wil niet met een ander dansen;zelfde artiest, andere spatiëring of afkorting
v o f de kunst|oude liefde roest niet;vof de kunst|oude liefde roest niet;zelfde artiest, andere spatiëring of afkorting
vader abraham showorkest|camp;vader abraham show orkest|camp;typefout in de artiestnaam (Vader Abraham Showorkest -> Vader Abraham Show Orkest), vastgesteld met MusicBrainz/Wikipedia
van orly|calling out;vanorly|calling out;zelfde artiest, andere spatiëring of afkorting
vandikhout|1 keer alles;van dik hout|1 keer alles;zelfde artiest, andere spatiëring of afkorting
vandikhout|als de dag aanbreekt;van dik hout|als de dag aanbreekt;zelfde artiest, andere spatiëring of afkorting
vandikhout|de keuzes die je maakt;van dik hout|de keuzes die je maakt;zelfde artiest, andere spatiëring of afkorting
vandikhout|de zon achterna;van dik hout|de zon achterna;zelfde artiest, andere spatiëring of afkorting
vandikhout|dromendief;van dik hout|dromendief;zelfde artiest, andere spatiëring of afkorting
vandikhout|laat het los live op lowlands;van dik hout|laat het los live op lowlands;zelfde artiest, andere spatiëring of afkorting
vandikhout|mijnheldzijn;van dik hout|mijnheldzijn;zelfde artiest, andere spatiëring of afkorting
vandikhout|stap voor stap live ahoy;van dik hout|stap voor stap live ahoy;zelfde artiest, andere spatiëring of afkorting
vanvelzen|lovesong;vanvelzen|love song;zelfde nummer, andere schrijfwijze (bron kent er twee)
vester|voor altijd in mijn hart;vester weert|voor altijd in mijn hart;2019 oranje
vlemmix & roos|een bussie vol met polen;vlemmix & roos|een busje vol met polen;zelfde nummer, andere schrijfwijze (bron kent er een)
walker brothers|the sun ain t gonna shine any more;walker brothers|the sun ain t gonna shine anymore;zelfde nummer, andere schrijfwijze (bron kent er twee)
wannebiezz de|ech wel;wannebiezz|ech wel;vastgestelde schrijfwijze levert een andere sleutel op
wannebiezz de|goeiemorge zonneschijn deel ii;wannebiezz|goeiemorge zonneschijn deel ii;vastgestelde schrijfwijze levert een andere sleutel op
wannebiezz de|het leven is mooi;wannebiezz|het leven is mooi;vastgestelde schrijfwijze levert een andere sleutel op
wannebiezz de|ken het zijn;wannebiezz|ken het zijn;vastgestelde schrijfwijze levert een andere sleutel op
wannebiezz de|mijn eerste vlam;wannebiezz|mijn eerste vlam;vastgestelde schrijfwijze levert een andere sleutel op
wannebiezz de|oh ja joh;wannebiezz|oh ja joh;vastgestelde schrijfwijze levert een andere sleutel op
wannebiezz de|trouw zijn geeft gedonder;wannebiezz|trouw zijn geeft gedonder;vastgestelde schrijfwijze levert een andere sleutel op
wannebiezz de|wat ik leuk vind aan jou;wannebiezz|wat ik leuk vind aan jou;vastgestelde schrijfwijze levert een andere sleutel op
wannebiezz|goeiemorge zonneschijn deel ii;wannebiezz de|goeiemorge zonneschijn deel ii;2023 oranje
white town|abort retry fail your woman;white town|your woman;top40.nl zet de uitgave voor het nummer
wilfred genee johan derksen edwin evers|helden;edwin evers|helden;2012 oranje
wilfred genee johan derksen en edwin evers|helden;wilfred genee johan derksen edwin evers|helden;2012 oranje
willem barth|bella bella signorina;willem barth|bella bella signorita;2010 oranje
william smulders|zij is van mij;willam smulders|zij is van mij;2010 oranje
willy en willeke alberti|chi ri bi ri bin pom pom pom pom;willy & willeke alberti|chi ri bi ri bin pom pom pom pom;typefout in de artiestnaam (Willy en Willeke Alberti -> Willy & Willeke Alberti), vastgesteld met MusicBrainz/Wikipedia
willy en willeke alberti|een reisje langs de rijn;willy & willeke alberti|een reisje langs de rijn;typefout in de artiestnaam (Willy en Willeke Alberti -> Willy & Willeke Alberti), vastgesteld met MusicBrainz/Wikipedia
wimmie|als jij het niet meer weet;wimmie bouma|als jij het niet meer weet;2013 oranje
wolter kroes & isabella|ik ben je prooi uit utopia;wolter kroes & isabella|ik ben je prooi;2014 oranje
wolter kroes|viva hollandia ek versie;wolter kroes|viva hollandia;2008 oranje
wolter kroes|viva hollandia wk 2010;wolter kroes|viva hollandia 2010;zelfde nummer, andere schrijfwijze (bron kent er een)
young m c|principal s office;young mc|principal s office;zelfde artiest, andere spatiëring of afkorting
zanger rinus en ronnie ruysdael ft debora|eet veel bananen;rinus en ronnie ruysdael ft debora|eet veel bananen;2013 oranje
